-- Seed data for testing
-- Run this AFTER schema.sql
-- Replace all instances of '00000000-0000-0000-0000-000000000001' with your actual RESTAURANT_ID from .env.local

-- Categories
insert into menu_categories (id, restaurant_id, name, sort_order) values
  ('11111111-0000-0000-0000-000000000001', '00000000-0000-0000-0000-000000000001', 'Starters', 1),
  ('11111111-0000-0000-0000-000000000002', '00000000-0000-0000-0000-000000000001', 'Mains', 2),
  ('11111111-0000-0000-0000-000000000003', '00000000-0000-0000-0000-000000000001', 'Desserts', 3),
  ('11111111-0000-0000-0000-000000000004', '00000000-0000-0000-0000-000000000001', 'Drinks', 4);

-- Menu Items
insert into menu_items (restaurant_id, category_id, name, description, price, available) values
  ('00000000-0000-0000-0000-000000000001', '11111111-0000-0000-0000-000000000001', 'Garlic Bread', 'Toasted with herb butter', 4.50, true),
  ('00000000-0000-0000-0000-000000000001', '11111111-0000-0000-0000-000000000001', 'Chicken Wings', '6 pieces with your choice of sauce', 9.00, true),
  ('00000000-0000-0000-0000-000000000001', '11111111-0000-0000-0000-000000000001', 'Soup of the Day', 'Ask your server for today''s selection', 6.50, true),
  ('00000000-0000-0000-0000-000000000001', '11111111-0000-0000-0000-000000000002', 'Grilled Salmon', 'With seasonal vegetables and lemon butter', 22.00, true),
  ('00000000-0000-0000-0000-000000000001', '11111111-0000-0000-0000-000000000002', 'Beef Burger', 'Double patty, cheddar, lettuce, tomato, pickles', 16.00, true),
  ('00000000-0000-0000-0000-000000000001', '11111111-0000-0000-0000-000000000002', 'Margherita Pizza', '12" with fresh mozzarella and basil', 14.00, true),
  ('00000000-0000-0000-0000-000000000001', '11111111-0000-0000-0000-000000000002', 'Pasta Carbonara', 'Creamy egg sauce with pancetta and parmesan', 15.00, true),
  ('00000000-0000-0000-0000-000000000001', '11111111-0000-0000-0000-000000000003', 'Chocolate Lava Cake', 'Warm with vanilla ice cream', 8.00, true),
  ('00000000-0000-0000-0000-000000000001', '11111111-0000-0000-0000-000000000003', 'Cheesecake', 'New York style with berry compote', 7.50, true),
  ('00000000-0000-0000-0000-000000000001', '11111111-0000-0000-0000-000000000004', 'Soft Drink', 'Coke, Sprite, or Fanta', 3.00, true),
  ('00000000-0000-0000-0000-000000000001', '11111111-0000-0000-0000-000000000004', 'Fresh Juice', 'Orange, Apple, or Mango', 4.50, true),
  ('00000000-0000-0000-0000-000000000001', '11111111-0000-0000-0000-000000000004', 'Sparkling Water', '500ml bottle', 2.50, true);

-- Tables (1-10)
insert into tables (restaurant_id, table_number) values
  ('00000000-0000-0000-0000-000000000001', 1),
  ('00000000-0000-0000-0000-000000000001', 2),
  ('00000000-0000-0000-0000-000000000001', 3),
  ('00000000-0000-0000-0000-000000000001', 4),
  ('00000000-0000-0000-0000-000000000001', 5),
  ('00000000-0000-0000-0000-000000000001', 6),
  ('00000000-0000-0000-0000-000000000001', 7),
  ('00000000-0000-0000-0000-000000000001', 8),
  ('00000000-0000-0000-0000-000000000001', 9),
  ('00000000-0000-0000-0000-000000000001', 10);
